vial,block,treat,pop,eeF_mod,eeM_mod,WTF_mod,WTM_mod,totF_mod,totM_mod,totee_mod,totWT_mod,total_mod
B1:1,1,2,1,10.89189189,11.51851852,10.84,11.66666667,10.87096774,11.61111111,11.15625,11.37142857,11.51851852
B1:2,1,2,1,12.15384615,11.8,11,11.94736842,11.6,11.91666667,12.05555556,11.58064516,11.8
B1:3,1,1,9,11.38709677,11,11.65384615,11.98113208,11.55421687,11.85245902,11.30769231,11.81904762,11
B1:4,1,1,10,11.47727273,11.52631579,11.5952381,11.63768116,11.53488372,11.57931034,11.5,11.61437908,11.52631579
B1:5,1,1,10,11.91428571,12.15384615,12.08860759,11.84745763,12.03508772,12.02189781,12.07964602,11.98550725,12.15384615
B1:6,1,1,10,11.19047619,12.125,11.45,11.77419355,11.31707317,11.95238095,11.59459459,11.5915493,12.125
B1:7,1,1,10,11.91891892,11.88888889,11.61538462,11.62745098,11.79365079,11.75,11.90243902,11.62337662,11.88888889
B1:8,1,1,10,12.81395349,12.92,12.96721311,12.63333333,12.90384615,12.71764706,12.85294118,12.80165289,12.92
B1:9,1,1,10,11.74418605,12.51515152,11.77777778,12.20833333,11.7628866,12.33333333,12.07894737,11.98039216,12.51515152
B1:10,1,1,10,11.97435897,12.31578947,12.23076923,11.9,12.12087912,12.1025641,12.14285714,12.08695652,12.31578947
B1:11,1,1,10,11.9,12.08108108,12.51351351,12.20547945,12.19480519,12.16363636,11.98701299,12.30909091,12.08108108
B1:12,1,1,10,12.39473684,12.33333333,12.17808219,11.94444444,12.2885906,12.2,12.36551724,12.10091743,12.33333333
B1:13,1,2,1,12.63636364,12.63636364,11.30769231,12.51351351,11.91666667,12.54166667,12.63636364,12.2,12.63636364
B1:14,1,1,10,11.6875,12.80952381,12.33333333,12.44680851,11.98305085,12.55882353,12.13207547,12.40540541,12.80952381
B1:15,1,1,10,11.98245614,12.40740741,12.18681319,12.76666667,12.10810811,12.59649123,12.18918919,12.41721854,12.40740741
B1:16,1,1,10,12,11.9375,11.26315789,11.6875,11.6744186,11.8125,11.975,11.45714286,11.9375
B1:17,1,2,1,11.16666667,9.666666667,9.666666667,11.8,10.66666667,10.78947368,10.52380952,11,9.666666667
B1:18,1,2,2,13.38095238,13.60869565,12.75280899,12.89795918,13.01315789,13.03305785,13.44186047,12.82887701,13.60869565
B1:19,1,2,2,13.57894737,12.52941176,12.05405405,12.21052632,12.57142857,12.39325843,12.97752809,12.10714286,12.52941176
B1:20,1,2,2,12.47368421,13.19047619,11.73015873,12.375,12.00990099,12.69811321,12.85,12.05511811,13.19047619
B1:21,1,2,2,12.02439024,12.11111111,9.8125,11.31818182,11.05479452,11.61971831,12.05882353,10.68421053,12.11111111
B1:22,1,2,2,12.29166667,13.07272727,12.33333333,13.33333333,12.31111111,13.20869565,12.70873786,12.92156863,13.07272727
B1:23,1,2,2,12.92,13.125,12.66666667,12.4939759,12.74683544,12.72519084,13.02040816,12.59162304,13.125
B1:24,1,2,2,9.666666667,12.33333333,11.35294118,11.68292683,11.1,11.85714286,11.57142857,11.53333333,12.33333333
B1:25,1,2,1,12.22580645,12.6,11.38356164,11,11.63461538,11.8,12.43661972,11.24778761,12.6
B1:26,1,2,2,12.125,12.65517241,12.38888889,12.06060606,12.34090909,12.24210526,12.46666667,12.23188406,12.65517241
B1:27,1,2,2,12.22727273,12,11.28571429,11.95454545,11.7311828,11.97222222,12.13888889,11.60215054,12
B1:28,1,2,2,11.6,11.7,10.86666667,11.88888889,11.23333333,11.7761194,11.65714286,11.35087719,11.7
B1:29,1,2,2,12.73684211,12.51515152,11.87179487,12.2962963,12.15517241,12.37931034,12.63380282,12.04545455,12.51515152
B1:30,1,2,2,12.375,12.88888889,11,11.63636364,11.6875,12.2,12.64705882,11.36842105,12.88888889
B1:31,1,2,3,12.83928571,12.8,11.78095238,12.16504854,12.32718894,12.37254902,12.82716049,11.97115385,12.8
B1:32,1,2,3,12.90909091,12.125,11.89655172,11.91428571,12.33333333,11.96350365,12.57894737,11.90797546,12.125
B1:33,1,2,3,12.6,13.22222222,12.125,12.55,12.27659574,12.75862069,12.93939394,12.36111111,13.22222222
B1:34,1,2,3,12.53846154,12.89041096,11.64864865,12.22105263,12.0647482,12.51190476,12.72463768,11.9704142,12.89041096
B1:35,1,2,3,11.75,13,11.86567164,11.93023256,11.83516484,12.45238095,12.53846154,11.89090909,13
B1:36,1,2,1,10.78947368,10.85185185,10.35483871,11.89855072,10.5942029,11.60416667,10.81538462,11.42,10.85185185
B1:37,1,2,3,12.25,13.7027027,12.13333333,12.64285714,12.16393443,13.06451613,13.02898551,12.32876712,13.7027027
B1:38,1,2,3,13,12.64,11.72131148,12.39534884,12.25,12.48529412,12.80645161,12.11564626,12.64
B1:39,1,2,3,12.54545455,12.95180723,12.20481928,12.53246753,12.32283465,12.75,12.81102362,12.3625,12.95180723
B1:40,1,2,3,13.26415094,12.62962963,12.19148936,12.41818182,12.48453608,12.48780488,13.05,12.25510204,12.62962963
B1:41,1,2,3,12.33333333,12.10638298,11.98039216,12.5483871,12.16666667,12.35779817,12.23076923,12.2920354,12.10638298
B1:42,1,2,3,11.95454545,12.23809524,11.75,11.74626866,11.84782609,11.86363636,12.04615385,11.74782609,12.23809524
B1:43,1,2,3,12.8,13.35,11.92035398,12.36448598,12.22543353,12.78609626,13.11428571,12.13636364,13.35
B1:44,1,2,4,11.78571429,11.58064516,11.26315789,11.38461538,11.57446809,11.49122807,11.6779661,11.33333333,11.58064516
B1:45,1,2,4,11.8115942,11.96,11.48979592,11.4,11.6779661,11.58666667,11.85106383,11.44444444,11.96
B1:46,1,2,4,11.33333333,12.58536585,11.05555556,12.13793103,11.21428571,12.4,12.12307692,11.72340426,12.58536585
B1:47,1,2,1,11.94736842,11.8,11.8,10.63636364,11.93023256,11,11.93023256,11,11.8
B1:48,1,2,4,12.5,11.57777778,10.63636364,10.91304348,11.68,11.35294118,11.93150685,10.77777778,11.57777778
B1:49,1,2,4,11.59459459,12.32075472,11.16,12.3,11.34482759,12.30973451,12.02222222,11.78181818,12.32075472
B1:50,1,2,4,12.19148936,12.05882353,11.64864865,11.04545455,11.85950413,11.58947368,12.12244898,11.42372881,12.05882353
B1:51,1,2,4,12.08196721,11.8,11.16,11.48780488,11.66666667,11.57142857,12.02631579,11.30769231,11.8
B1:52,1,2,4,11.71428571,12.52173913,11.49056604,12.07936508,11.58947368,12.26605505,12.13636364,11.81034483,12.52173913
B1:53,1,2,4,11.30769231,12.27272727,10.68421053,11,10.9375,11.58333333,11.91428571,10.86666667,12.27272727
B1:54,1,2,4,12.53846154,12.96666667,12.23076923,12.01052632,12.33333333,12.38064516,12.744,12.13777778,12.96666667
B1:55,1,2,4,12.66666667,12.03571429,11.83076923,11.13793103,12.01204819,11.72941176,12.18918919,11.61702128,12.03571429
B1:56,1,2,4,11.86956522,12.51724138,11.80991736,11.48484848,11.83157895,11.96774194,12.16535433,11.69518717,12.51724138
B1:57,1,2,5,12.15384615,12.15942029,11.29411765,11.44444444,11.66666667,11.84552846,12.15702479,11.36065574,12.15942029
B1:58,1,2,1,11.8,12.66666667,12.66666667,12.11111111,12.41176471,12.33333333,12.27272727,12.42857143,12.66666667
B1:59,1,2,5,12.19298246,12.33333333,11.37681159,11.47761194,11.74603175,11.79245283,12.25,11.42647059,12.33333333
B1:60,1,2,5,11.75,12.13636364,11.17777778,11.20408163,11.37681159,11.64516129,12,11.19148936,12.13636364
B1:61,1,2,5,12.125,12.125,12.125,12.625,12.125,12.375,12.125,12.45833333,12.125
B1:62,1,2,5,11.68852459,12.65384615,11.5,11.68656716,11.58394161,12.1092437,12.13274336,11.58741259,12.65384615
B1:63,1,2,5,13.07228916,13.02247191,12.20512821,12.10679612,12.50627615,12.53125,13.04651163,12.16602317,13.02247191
B1:64,1,2,5,12.35714286,12.01639344,11.28169014,11.14285714,11.75590551,11.54961832,12.17948718,11.21276596,12.01639344
B1:65,1,2,5,11.94545455,12.35483871,12.14754098,12.25714286,12.05172414,12.3030303,12.09302326,12.1875,12.35483871
B1:66,1,2,5,12.66666667,13,11.8,11.30769231,12.04761905,12.12,12.88888889,11.57142857,13
B1:67,1,2,5,12.25,12.44680851,11.62745098,11.8,11.86746988,12.25373134,12.36708861,11.67605634,12.44680851
B1:68,1,2,5,12.53488372,12.51612903,11.75471698,12.19480519,12.10416667,12.3381295,12.52380952,12.01538462,12.51612903
B1:69,1,2,1,13,12,12.21875,12.60869565,12.48453608,12.38888889,12.55932203,12.38181818,12
B1:70,1,2,5,12.31111111,12.51515152,11.67532468,11.86440678,12.01796407,12.16129032,12.41798942,11.78974359,12.51515152
B1:71,1,1,6,12.125,13.36363636,11.89655172,12.30769231,11.97777778,12.62162162,12.62962963,12.09090909,13.36363636
B1:72,1,1,6,12.13513514,11.74358974,12.45054945,12.13978495,12.359375,11.95906433,11.86956522,12.29347826,11.74358974
B1:73,1,1,6,11.91666667,12.38461538,9.705882353,11.73684211,11,12.06493506,12.20634921,11.10909091,12.38461538
B1:74,1,1,6,10.42857143,11.64516129,11.2,11.47887324,11,11.52941176,11.26666667,11.37837838,11.64516129
B1:75,1,1,6,11.84848485,12.17948718,10.33333333,11.32432432,11.16666667,11.76315789,12.02777778,10.90625,12.17948718
B1:76,1,1,6,11.10526316,12.47619048,10.86666667,11.59259259,11.05555556,12.13043478,11.68686869,11.33333333,12.47619048
B1:77,1,1,6,11.76923077,11.88888889,11.5,12.91666667,11.65671642,12.47619048,11.80701754,12.15384615,11.88888889
B1:78,1,1,6,12.55555556,12.925,12.97701149,12.94805195,12.83333333,12.93630573,12.792,12.96341463,12.925
B1:79,1,1,7,11.32142857,11.98148148,11.71428571,12.10638298,11.51785714,12.01935484,11.75609756,11.89320388,11.98148148
B1:80,1,1,7,12.4,12.54716981,12.5942029,12.56756757,12.50387597,12.55905512,12.46902655,12.58041958,12.54716981
B1:81,1,1,7,12.67213115,12.94871795,12.96116505,13.17142857,12.85365854,13.05405405,12.82733813,13.04624277,12.94871795
B1:82,1,1,7,12.49659864,12.68115942,12.52112676,12.48387097,12.50458716,12.58778626,12.55555556,12.5037594,12.68115942
B1:83,1,1,7,12.10769231,12.90243902,12.34513274,12.92156863,12.25842697,12.91304348,12.41509434,12.52439024,12.90243902
B1:84,1,1,7,12.05263158,12.41463415,12.83050847,12.44186047,12.5257732,12.42857143,12.24050633,12.66666667,12.41463415
B1:85,1,1,7,12.88732394,12.70833333,12.15942029,12.82758621,12.52857143,12.77358491,12.81512605,12.46456693,12.70833333
B1:86,1,1,8,11.53658537,12.36842105,11.73684211,11.88888889,11.63291139,12.13513514,12.02040816,11.82608696,12.36842105
B1:87,1,1,8,11.75,10.29411765,11,9.666666667,11.32142857,10.07692308,11.14634146,10.70731707,10.29411765
B1:88,1,1,8,10.23076923,11.96296296,9.685714286,11.45454545,9.918032787,11.73469388,11.11320755,10.36842105,11.96296296
B1:89,1,2,1,12.48148148,13.09302326,12.07317073,12.34545455,12.23529412,12.67346939,12.85714286,12.22916667,13.09302326
B1:90,1,1,8,11.12244898,11.73684211,11.97058824,10.40909091,11.61538462,11.02439024,11.3908046,11.35714286,11.73684211
B1:91,1,1,8,11.68852459,11,11.97916667,12.78787879,11.86624204,11.97520661,11.36206897,12.30864198,11
B1:92,1,1,8,12.14285714,13,12.04347826,12.5,12.11392405,12.71428571,12.22580645,12.16129032,13
B1:93,1,1,8,12.23255814,12.64705882,12.47945205,12.89285714,12.34591195,12.8,12.35,12.65891473,12.64705882
B1:94,1,1,8,10.76923077,11.81967213,11.88235294,11.93548387,11.4,11.87804878,11.50574713,11.91666667,11.81967213
B1:95,1,1,8,12.88571429,12.81818182,12.76315789,12.9245283,12.82191781,12.86554622,12.85294118,12.82945736,12.81818182
B1:96,1,1,8,12.51724138,12.8,11.7254902,12.09302326,12.08994709,12.48979592,12.6751269,11.89361702,12.8
B1:97,1,1,8,10.63636364,11.13333333,10.88571429,10.94871795,10.78947368,11.02898551,10.92307692,10.91891892,11.13333333
B1:98,1,1,8,11.52380952,11.60714286,10.85185185,12.30232558,11.36036036,11.90909091,11.55714286,11.74285714,11.60714286
B1:99,1,1,9,12.55555556,12.57142857,12.31506849,11.56521739,12.43448276,12.04545455,12.56140351,12.02521008,12.57142857
B1:100,1,2,1,12.45454545,11.96774194,11.51851852,11,11.93877551,11.66666667,12.16981132,11.34146341,11.96774194
B1:101,1,1,9,12.26829268,12.03448276,11.98305085,12.50877193,12.1,12.34883721,12.17142857,12.24137931,12.03448276
B1:102,1,1,9,13.21428571,12.39130435,12.66315789,12.825,12.92178771,12.62416107,12.84313725,12.73714286,12.39130435
B1:103,1,1,9,12,12.27272727,12.09677419,12.32075472,12.05263158,12.3125,12.08108108,12.23809524,12.27272727
B1:104,1,1,9,12.2195122,12.72,12.63636364,12.48148148,12.43529412,12.59615385,12.49450549,12.55102041,12.72
B1:105,1,1,9,12.05084746,12.85915493,11.8045977,12.72972973,11.90410959,12.81481481,12.49230769,12.08064516,12.85915493
B1:106,1,1,9,11.18604651,12.02857143,11.66666667,12.7826087,11.37142857,12.45679012,11.56410256,12.36986301,12.02857143
B1:107,1,1,9,12.25274725,12.64864865,12.09090909,11.96,12.19178082,12.30201342,12.43030303,12.01538462,12.64864865
B1:108,1,1,9,11.30188679,11.57142857,11.50980392,11.96428571,11.40384615,11.81318681,11.40909091,11.74766355,11.57142857
B1:109,1,1,9,12.13157895,12.58024691,12.07142857,12.21212121,12.1,12.37777778,12.36305732,12.14754098,12.58024691
B1:110,1,1,9,11.98924731,12.3125,12.58974359,12.1641791,12.16666667,12.23664122,12.12101911,12.32075472,12.3125
B2:1,2,2,1,11.26315789,12.07692308,10,10.57575758,10.70588235,11.32061069,11.63829787,10.3015873,12.07692308
B2:2,2,2,1,11.48979592,10.76923077,10.125,10.80952381,10.95061728,10.79130435,11.11881188,10.57894737,10.76923077
B2:3,2,1,9,10.86956522,9.666666667,8.578947368,10.23076923,10.2,10.125,10.73076923,9.533333333,9.666666667
B2:4,2,1,9,9.594594595,8.1,8.454545455,10.23076923,9.333333333,9.304347826,9.070175439,9.702702703,8.1
B2:5,2,1,9,11.45070423,12,11.12612613,12.23636364,11.25274725,12.07027027,11.80597015,11.4939759,12
B2:6,2,1,9,11,10.34545455,10.73333333,10.88679245,10.86813187,10.61111111,10.64356436,10.81632653,10.34545455
B2:7,2,1,9,10.86666667,10.41176471,10.94594595,10.6744186,10.90243902,10.55844156,10.67088608,10.8,10.41176471
B2:8,2,1,10,8.590909091,8.384615385,7,8.571428571,8,8.481481481,8.514285714,7.814814815,8.384615385
B2:9,2,1,10,11.35294118,11.49122807,10.88235294,10.70909091,11.11764706,11.10714286,11.42592593,10.79245283,11.49122807
B2:10,2,1,10,10.75510204,11.16,9.137931034,11.45714286,9.878504673,11.33333333,10.95959596,10.40625,11.16
B2:11,2,1,10,11,11.52173913,8.090909091,11.1,9.315789474,11.3255814,11.38709677,10.03225806,11.52173913
B2:12,2,1,10,10.86206897,11.02409639,11.24096386,9.894736842,11.08510638,10.66942149,10.95744681,10.81818182,11.02409639
B2:13,2,2,1,10.31428571,11.21621622,4.428571429,9.086956522,8.632653061,10.03614458,10.77777778,8,11.21621622
B2:14,2,1,10,10.2,9.046511628,2.692307692,6.176470588,8.166666667,8.233333333,9.564102564,4.666666667,9.046511628
B2:15,2,1,10,10.52941176,10.82352941,9.153846154,10.6,10.02803738,10.73451327,10.67647059,9.928571429,10.82352941
B2:16,2,1,10,11.6,10.72972973,10.58139535,11.22222222,11,11.02197802,11.11940299,10.93814433,10.72972973
B2:17,2,1,10,9.4,9.903225806,8.103448276,10.36585366,8.8125,10.16666667,9.636363636,9.428571429,9.903225806
B2:18,2,1,10,10.69230769,11.76190476,10,10.5483871,10.36986301,11.24657534,11.24691358,10.26153846,11.76190476
B2:19,2,1,10,9,11.11111111,8.375,11.04545455,8.523809524,11.075,10.85365854,10.33333333,11.11111111
B2:20,2,1,10,10.57692308,10.85964912,9.304347826,11.5625,9.979591837,11.11235955,10.72477064,10.23076923,10.85964912
B2:21,2,2,1,11.51162791,11.36666667,7.842105263,9.093023256,9.790123457,10.41747573,11.42718447,8.50617284,11.36666667
B2:22,2,2,2,12.52,11.36666667,10.4137931,10.66666667,11.60150376,10.94666667,12.00740741,10.56756757,11.36666667
B2:23,2,2,2,11.30769231,12.64285714,10.125,10.88571429,10.65517241,11.66666667,12.2195122,10.64705882,12.64285714
B2:24,2,2,2,9.666666667,11.8,9.666666667,10.29411765,9.666666667,11,11.44444444,10.2,11.8
B2:25,2,2,2,11.78431373,11.34146341,9.682926829,10.66666667,10.84782609,10.95789474,11.58695652,10.24210526,11.34146341
B2:26,2,2,2,11.68292683,11.96428571,6.703703704,10.66666667,9.705882353,11.32727273,11.84536082,9.345679012,11.96428571
B2:27,2,2,2,10.25714286,11.35294118,7.538461538,8.083333333,9.520833333,10.30666667,10.71900826,7.8,11.35294118
B2:28,2,2,2,11.38297872,13.18181818,10.35849057,10.96969697,10.84,11.52272727,11.95652174,10.69747899,13.18181818
B2:29,2,2,1,9.470588235,10.87878788,9.933333333,11.16666667,9.765957447,10.95555556,10.4,10.28571429,10.87878788
B2:30,2,2,2,12.82608696,12.7826087,11.74193548,11.95454545,12.03529412,12.37777778,12.79710145,11.83018868,12.7826087
B2:31,2,2,2,12.26086957,12.95,11.51428571,11.26315789,11.9382716,11.84482759,12.58139535,11.34234234,12.95
B2:32,2,2,2,12.20833333,11.83636364,10.06666667,10.01587302,11.17204301,10.86440678,12.00970874,10.03703704,11.83636364
B2:33,2,2,3,11.76,11.91428571,10.42857143,10.82352941,11.05660377,11.37681159,11.82352941,10.57777778,11.91428571
B2:34,2,2,3,10.89473684,12.2195122,6.166666667,8.407407407,9.76,10.70588235,11.58227848,7.717948718,12.2195122
B2:35,2,2,3,11.67924528,11.52173913,10.2,10.94117647,10.89380531,11.1754386,11.63157895,10.46808511,11.52173913
B2:36,2,2,3,11.57971014,11.91071429,10.23076923,11.47058824,11,11.74444444,11.78453039,10.93333333,11.91071429
B2:37,2,2,3,10.61290323,10.84615385,9.059701493,9.928571429,9.80620155,10.30526316,10.7029703,9.455284553,10.84615385
B2:38,2,2,3,12.20833333,11.81081081,10.74025974,10.49295775,11.304,10.94444444,12.03529412,10.62162162,11.81081081
B2:39,2,2,3,12.13333333,12.16666667,10.69491525,11.49275362,11.42016807,11.83687943,12.15151515,11.125,12.16666667
B2:40,2,2,1,10.23076923,0.6,9.666666667,1.727272727,10.02439024,1.375,8.677419355,6.307692308,0.6
B2:41,2,2,3,11.88888889,12.23809524,8.31147541,9.62962963,10.2481203,10.77083333,12.01754386,8.930434783,12.23809524
B2:42,2,2,3,11.16666667,12.25,11.05555556,8.111111111,11.11904762,10.76,11.6,10.07407407,12.25
B2:43,2,2,3,11.34146341,11.86363636,9.41025641,10.91489362,10.4,11.37362637,11.61176471,10.23255814,11.86363636
B2:44,2,2,3,11.15555556,11.43137255,8.1,10.73770492,10.6,11.05357143,11.25531915,10.08641975,11.43137255
B2:45,2,2,3,12.3,11.85714286,10.24637681,11.35294118,11.20155039,11.5,12.15909091,10.79562044,11.85714286
B2:46,2,2,4,11.05970149,11.02941176,11.43037975,9.787878788,11.26027397,10.62376238,11.04444444,10.94642857,11.02941176
B2:47,2,2,4,10.83529412,10.66666667,7.235294118,10.20987654,10.23529412,10.4248366,10.75796178,9.693877551,10.66666667
B2:48,2,2,4,7.72,10.47826087,7.333333333,6.7,7.558139535,8.720930233,9.041666667,7,10.47826087
B2:49,2,2,4,11.38461538,11.24561404,11.82644628,11.47619048,11.65326633,11.38297872,11.32592593,11.68292683,11.24561404
B2:50,2,2,4,9.96,10.2195122,9.978723404,8.071428571,9.972222222,9.347826087,10.12121212,9.266666667,10.2195122
B2:51,2,2,1,10.84,10.28571429,5.608695652,10.35897436,9.191780822,10.32835821,10.54716981,9.277227723,10.28571429
B2:52,2,2,4,9.259259259,8.724137931,10.65517241,9.235294118,9.982142857,9.05,9.072289157,9.990825688,8.724137931
B2:53,2,2,4,11.04255319,12.39240506,10.20754717,10.7,10.6,11.6618705,11.88888889,10.46902655,12.39240506
B2:54,2,2,4,11.41860465,11.34482759,11.13114754,11.0754717,11.25,11.21621622,11.37623762,11.10526316,11.34482759
B2:55,2,2,4,9.985915493,10.58974359,9.8,9.612244898,9.930693069,10.04545455,10.2,9.683544304,10.58974359
B2:56,2,2,4,9.814814815,8.461538462,8.1,8.304347826,9.085106383,8.387755102,9.150943396,8.209302326,8.461538462
B2:57,2,2,4,9.666666667,11.25641026,9.882352941,9.666666667,9.8,10.49333333,10.7,9.771428571,11.25641026
B2:58,2,2,4,11.57575758,11.61728395,11.73076923,11.16513761,11.6440678,11.35789474,11.59863946,11.34782609,11.61728395
B2:59,2,2,5,12.41463415,12.1627907,10.88679245,11.10526316,11.55319149,11.56,12.28571429,11,12.1627907
B2:60,2,2,5,11.75862069,11.66666667,7.333333333,10,11,10.76271186,11.71428571,9.578947368,11.66666667
B2:61,2,2,5,10.52173913,11.13636364,7.64516129,9.153846154,9.363636364,10.68421053,10.82222222,8.090909091,11.13636364
B2:62,2,2,1,9.888888889,9.666666667,10.06666667,10.97297297,10,10.8313253,9.814814815,10.71153846,9.666666667
B2:63,2,2,5,10.5625,11.08333333,7.333333333,10.42105263,9.681818182,10.79069767,10.875,9.68,11.08333333
B2:64,2,2,5,11.62745098,12.57142857,10.85185185,9.666666667,11.35897436,11.23076923,11.83076923,10.48717949,12.57142857
B2:65,2,2,5,11.79120879,11.23529412,10.66666667,10.38983051,11.60550459,10.69892473,11.64,10.45454545,11.23529412
B2:66,2,2,5,12,11.94444444,10.07692308,9.926829268,10.8372093,10.54237288,11.97142857,9.985074627,11.94444444
B2:67,2,2,5,12,11.9,10.5862069,11.18181818,11.02380952,11.57534247,11.93939394,10.8021978,11.9
B2:68,2,2,5,10.75510204,11.60606061,10,11,10.45679012,11.30769231,11.09756098,10.5,11.60606061
B2:69,2,2,5,11.75,11.93333333,10.42105263,10.06666667,10.93548387,10.81333333,11.85185185,10.22891566,11.93333333
B2:70,2,2,5,11,12,9.150943396,9.680851064,9.727272727,10.74712644,11.625,9.4,12
B2:71,2,2,5,10.29411765,11.71428571,9.666666667,10.42105263,10.2,11.1,11.30508475,10.36585366,11.71428571
B2:72,2,1,6,8.4,10.95744681,9.540540541,10.96363636,9.029850746,10.96078431,9.961038961,10.39130435,10.95744681
B2:73,2,2,1,8.375,9.695652174,4.272727273,4.428571429,6.703703704,7.702702703,9.153846154,4.36,9.695652174
B2:74,2,1,6,9.25,10.23076923,7.666666667,8.333333333,8.571428571,8.807692308,9.689655172,8.176470588,10.23076923
B2:75,2,1,6,10.25,10.76923077,10.36170213,10.32142857,10.3164557,10.53703704,10.57142857,10.33980583,10.76923077
B2:76,2,1,6,10.94594595,11.20689655,10.64179104,10.90769231,10.75,11.04878049,11.10526316,10.77272727,11.20689655
B2:77,2,1,6,10.7260274,11.52,11.56603774,11.75294118,11.22346369,11.66666667,11.04878049,11.64921466,11.52
B2:78,2,1,6,11.52173913,11.19047619,11.23728814,10.48571429,11.36190476,10.75,11.41791045,10.95744681,11.19047619
B2:79,2,1,6,11.02150538,11.93333333,11.79012346,11.74074074,11.37931034,11.86111111,11.46994536,11.77037037,11.93333333
B2:80,2,1,6,9.444444444,10.77419355,10.57142857,11.08163265,10.06930693,10.90990991,10.21495327,10.80952381,10.77419355
B2:81,2,1,6,9.129032258,11,10.18421053,11.30136986,9.878504673,11.14285714,10.48214286,10.73154362,11
B2:82,2,1,6,11.94117647,12.09565217,11.29411765,11,11.61764706,11.72413793,12.03825137,11.15748031,12.09565217
B2:83,2,1,6,10.46938776,11.11538462,11.43478261,11.56470588,11.03389831,11.39416058,10.8019802,11.50649351,11.11538462
B2:84,2,2,1,11.07843137,12.13253012,9.901960784,11.28169014,10.49019608,11.74025974,11.73134328,10.70491803,12.13253012
B2:85,2,1,6,10.67741935,11.48,9.901960784,10.83783784,10.32743363,11.20689655,11.03571429,10.29545455,11.48
B2:86,2,1,7,12.18367347,11.5,10.63333333,11.4,11.59493671,11.45454545,11.89411765,11.01666667,11.5
B2:87,2,1,7,11.7012987,12,11.37333333,12.29411765,11.53947368,12.20325203,11.8,11.8625,12
B2:88,2,1,7,11.51162791,11.54166667,10.94871795,11.18181818,11.24390244,11.39506173,11.52747253,11.05555556,11.54166667
B2:89,2,1,7,11.29213483,8.569230769,10.03296703,11.075,10.65555556,9.951724138,10.14285714,10.52046784,8.569230769
B2:90,2,1,7,10.55555556,10.38461538,11.48484848,11.24390244,11.10810811,10.76344086,10.46391753,11.39252336,10.38461538
B2:91,2,1,7,8.470588235,8.111111111,9.666666667,7.5,8.836734694,7.823529412,8.346153846,8.548387097,8.111111111
B2:92,2,1,7,11.78195489,10.58241758,10.8989899,10.51111111,11.40517241,10.54696133,11.29464286,10.71428571,10.58241758
B2:93,2,1,7,10.08571429,9.571428571,6.2,8.578947368,9.222222222,9.170212766,9.857142857,7.75862069,9.571428571
B2:94,2,1,7,7.896551724,10.63265306,8.9375,7.72,8.442622951,9.648648649,9.615384615,8.403508772,10.63265306
B2:95,2,2,1,11.09302326,12.66037736,9.388888889,10.52112676,10.3164557,11.43548387,11.95833333,10.14018692,12.66037736
B2:96,2,1,7,12.52941176,12.41463415,12.5412844,11.98734177,12.5375,12.20496894,12.45864662,12.30851064,12.41463415
B2:97,2,1,8,10.93548387,11.62745098,11.51612903,12.33333333,11.22580645,11.93333333,11.36585366,11.97142857,11.62745098
B2:98,2,1,8,8.548387097,10.83783784,10.90243902,11.19607843,9.888888889,11.04545455,9.794117647,11.06521739,10.83783784
B2:99,2,1,8,10,9.916666667,9.818181818,11.12765957,9.88,10.51578947,9.951219512,10.36283186,9.916666667
B2:100,2,1,8,7.842105263,9.894736842,9.512820513,9.666666667,8.965517241,9.821428571,9.210526316,9.561403509,9.894736842
B2:101,2,1,8,10,7.214285714,9.888888889,10.3968254,9.941176471,9.417582418,8.852941176,10.18518519,7.214285714
B2:102,2,1,8,10.07317073,10.57647059,10.1372549,9.518518519,10.10869565,10.16546763,10.41269841,9.819047619,10.57647059
B2:103,2,1,8,10.03030303,9.928571429,11.025,11.4,10.57534247,10.65765766,9.983606557,11.17777778,9.928571429
B2:104,2,1,8,8.8,10.66666667,11.53333333,9.666666667,9.971428571,10.33333333,9.684210526,10.83333333,10.66666667
B2:105,2,1,8,10.23076923,10.5,9.315789474,9.833333333,9.6875,10.13636364,10.39393939,9.604651163,10.5
B2:106,2,2,1,10.87234043,12.15384615,10.43589744,10.89285714,10.6744186,11.29268293,11.32876712,10.70526316,12.15384615
B2:107,2,1,8,11.21428571,10.52,9.5,11.97297297,10.5,11.38709677,10.88679245,11.10526316,10.52
B2:108,2,1,8,9.941176471,11,9.216216216,12.33333333,9.444444444,11.81632653,10.5,10.6119403,11
B2:109,2,1,8,10.75,11,10.78947368,10.95238095,10.76271186,10.96551724,10.82142857,10.90163934,11
B2:110,2,1,9,11.62068966,11.05555556,10.48717949,11.18181818,11.16494845,11.11023622,11.30769231,10.89361702,11.05555556
B2:111,2,1,9,9.875,6.2,8.666666667,5.631578947,9.357142857,6,7.955223881,7.325581395,6.2
B2:112,2,1,9,8.259259259,10.65957447,9.052631579,10.88235294,8.723076923,10.79130435,9.783783784,10.22641509,10.65957447
B2:113,2,1,9,11.61728395,12.02222222,11.43478261,12.01449275,11.52023121,12.01886792,11.83040936,11.68322981,12.02222222
B2:114,2,1,9,9.8,10.65517241,7.823529412,11.38596491,9.085106383,11.13953488,10.22033898,10.56756757,10.65517241
B2:115,2,1,9,9.5,9.470588235,3.444444444,11.19047619,7.620689655,10.42105263,9.486486486,8.866666667,9.470588235
B2:116,2,1,9,11.47222222,11.45833333,11.13636364,11.80769231,11.34482759,11.64,11.46666667,11.5,11.45833333
